Year,W,L,T,W-L%,PF,PA,PD,MoV,SoS,SRS,OSRS,DSRS,Rk,Tm,G,PF,Yds,Ply,Y/P,TO,FL,1stD,Cmp,Att,Yds,TD,Int,NY/A,1stD,Att,Yds,TD,Y/A,1stD,Pen,Yds,1stPy,Sc%,TO%,EXP
2009,10,6,,0.625,427,285,142,8.9,2.3,11.2,6.7,4.5,11,Arizona Cardinals,16,375,5510,985,5.6,36,18,317,392,594,4016,27,18,6.5,215,365,1494,16,4.1,77,108,886,25,30.7,17.1,-116
2010,5,11,0,0.313,289,434,-145,-9.1,-3.6,-12.7,-5.6,-7.1,27,Arizona Cardinals,16,289,4309,931,4.6,35,16,241,285,561,2921,10,19,4.8,154,320,1388,9,4.3,67,108,870,20,23.7,15.8,-215.39
2011,8,8,0,0.5,312,348,-36,-2.3,0,-2.2,-1.7,-0.5,24,Arizona Cardinals,16,312,5192,993,5.2,32,9,286,307,550,3567,21,23,5.9,175,389,1625,12,4.2,83,106,1004,28,26.1,15.6,-98.26
2012,5,11,0,0.313,250,357,-107,-6.7,3.5,-3.2,-4.8,1.6,31,Arizona Cardinals,16,250,4209,1018,4.1,34,13,246,337,608,3005,11,21,4.5,168,352,1204,10,3.4,58,102,857,20,22,14.8,-297.04
2013,10,6,0,0.625,379,324,55,3.4,3,6.4,2.7,3.7,16,Arizona Cardinals,16,379,5542,1037,5.3,31,9,329,363,574,4002,24,22,6.5,205,422,1540,12,3.6,84,96,744,40,33,15.5,-5.74
2014,11,5,0,0.688,310,299,11,0.7,1.3,2,-2.4,4.4,24,Arizona Cardinals,16,310,5116,993,5.2,17,5,302,320,568,3808,21,12,6.4,191,397,1308,6,3.3,67,91,707,44,30.9,9.4,-9.8
2015,13,3,,0.813,489,313,176,11,1.3,12.3,9,3.4,2,Arizona Cardinals,16,489,6533,1041,6.3,24,11,373,353,562,4616,35,13,7.8,237,452,1917,16,4.2,92,94,758,44,42.5,11.8,148.43
2016,7,8,1,0.469,418,362,56,3.5,-1.9,1.6,2.4,-0.8,6,Arizona Cardinals,16,418,5868,1086,5.4,28,11,368,383,646,4136,28,17,6,229,399,1732,20,4.3,97,104,889,42,35,14.2,-25.79
2017,8,8,0,0.5,295,361,-66,-4.1,0.4,-3.7,-4,0.2,25,Arizona Cardinals,16,295,5026,1060,4.7,25,7,310,339,598,3640,21,18,5.6,200,410,1386,6,3.4,66,110,880,44,29.2,12.4,-185.97
2018,3,13,0,0.188,225,425,-200,-12.5,1,-11.5,-9.6,-1.9,32,Arizona Cardinals,16,225,3865,902,4.3,28,10,239,283,495,2523,15,18,4.6,137,355,1342,9,3.8,76,101,786,26,19.3,15,-155.06
2019,5,10,1,0.344,361,442,-81,-5.1,1.8,-3.2,-0.3,-2.9,16,Arizona Cardinals,16,361,5467,1000,5.5,18,6,314,355,554,3477,20,12,5.8,176,396,1990,18,5,109,121,956,29,38.8,10.1,67.36
2009,9,7,,0.563,348,236,112,7,1.6,8.6,1.1,7.5,13,Atlanta Falcons,16,363,5447,1048,5.2,25,8,330,332,570,3571,26,17,6,192,451,1876,15,4.2,105,78,664,33,35.3,13.5,-77.35
2010,13,3,0,0.813,414,288,126,7.9,-1.8,6.1,3.8,2.2,5,Atlanta Falcons,16,414,5458,1097,5,17,8,353,361,577,3567,28,9,5.9,200,497,1891,14,3.8,111,58,598,42,39.3,9,-39.55
2011,10,6,0,0.625,402,350,52,3.3,0.3,3.5,1.8,1.7,7,Atlanta Falcons,16,402,6026,1073,5.6,21,8,349,365,594,4192,29,13,6.8,215,453,1834,14,4,100,93,769,34,37.4,10.7,-22.37
2012,13,3,0,0.813,419,299,120,7.5,-1.1,6.4,2,4.5,7,Atlanta Falcons,16,419,5906,1021,5.8,18,4,343,422,615,4509,32,14,7,247,378,1397,12,3.7,70,55,415,26,44,10.3,-18.12
2013,4,12,0,0.25,353,443,-90,-5.6,2.9,-2.8,1.2,-3.9,20,Atlanta Falcons,16,353,5490,1024,5.4,28,11,330,445,659,4243,26,17,6,227,321,1247,11,3.9,64,91,788,39,34.1,14.5,48.53
2014,6,10,0,0.375,381,417,-36,-2.3,-1.6,-3.8,0.6,-4.4,12,Atlanta Falcons,16,381,6051,1035,5.8,23,8,330,418,632,4553,28,15,6.9,233,372,1498,11,4,75,97,840,22,38.9,13.1,61.55
2015,8,8,,0.5,339,345,-6,-0.4,-3.4,-3.8,-4,0.3,21,Atlanta Falcons,16,339,5985,1073,5.6,30,13,359,410,621,4379,21,17,6.7,230,420,1606,13,3.8,95,100,969,34,34.5,17.2,52.68
2016,11,5,0,0.688,540,406,134,8.4,0.1,8.5,10.5,-2,1,Atlanta Falcons,16,540,6653,995,6.7,11,4,379,374,537,4725,38,7,8.2,239,421,1928,20,4.6,108,104,848,32,52.6,6.3,212.07
2017,10,6,0,0.625,353,315,38,2.4,1.9,4.3,1.1,3.2,15,Atlanta Falcons,16,353,5837,984,5.9,18,6,330,343,530,3990,21,12,7.2,200,430,1847,12,4.3,101,102,918,29,41.2,10.3,-46.05
2018,7,9,0,0.438,414,423,-9,-0.6,0.4,-0.1,2.5,-2.6,10,Atlanta Falcons,16,414,6226,1010,6.2,18,11,352,428,617,4653,36,7,7.1,238,351,1573,11,4.5,84,101,899,30,42.9,10.7,155.08
2019,7,9,0,0.438,381,399,-18,-1.1,1.1,-0.1,0.3,-0.4,13,Atlanta Falcons,16,381,6075,1096,5.5,25,10,383,459,684,4714,29,15,6.4,258,362,1361,10,3.8,84,119,956,41,41.3,13.4,104.51
2009,9,7,,0.438,360,390,-30,-1.9,3.6,1.7,2.9,-1.2,9,Baltimore Ravens,16,391,5619,1014,5.5,22,9,320,321,510,3419,21,13,6.3,187,468,2200,22,4.7,115,115,1094,18,35,10.9,-66.23
2010,12,4,0,0.75,357,270,87,5.4,1,6.4,0.9,5.5,16,Baltimore Ravens,16,357,5166,1018,5.1,20,10,303,308,491,3335,25,10,6.3,175,487,1831,11,3.8,97,90,673,31,32.8,9.5,-79.88
2011,12,4,0,0.75,378,266,112,7,-0.9,6.1,2.6,3.5,12,Baltimore Ravens,16,378,5419,1036,5.2,24,12,312,314,544,3423,21,12,5.9,181,459,1996,15,4.3,98,92,742,33,35.5,11.8,-72.94
2012,10,6,0,0.625,398,344,54,3.4,-0.5,2.9,1.9,1,10,Baltimore Ravens,16,398,5640,1042,5.4,16,5,314,334,560,3739,22,11,6.3,182,444,1901,17,4.3,98,121,1127,34,35.8,7.8,22.03
2013,8,8,0,0.5,320,352,-32,-2,-1.5,-3.5,-5,1.4,25,Baltimore Ravens,16,320,4918,1090,4.5,29,6,295,363,619,3590,19,23,5.4,189,423,1328,7,3.1,68,112,942,38,30.9,13.5,-95.39
2014,10,6,0,0.625,409,302,107,6.7,-2.1,4.6,1.8,2.8,8,Baltimore Ravens,16,409,5838,1021,5.7,20,8,345,344,554,3819,27,12,6.7,194,448,2019,16,4.5,113,111,870,38,39.6,9.9,135.24
2015,5,11,,0.313,328,401,-73,-4.6,2.6,-1.9,-0.7,-1.2,25,Baltimore Ravens,16,328,5749,1083,5.3,28,7,323,426,676,4271,21,21,6.1,211,383,1478,8,3.9,89,122,1153,23,33.3,14,-47.16
2016,8,8,0,0.5,343,321,22,1.4,0.2,1.5,-1.1,2.6,21,Baltimore Ravens,16,343,5563,1079,5.2,23,7,316,439,679,4100,20,16,5.8,205,367,1463,10,4,79,125,1111,32,35.6,10.5,-86.39
2017,9,7,0,0.563,395,303,92,5.8,-2.4,3.4,2.2,1.2,9,Baltimore Ravens,16,395,4886,1054,4.6,17,4,311,363,567,3030,20,13,5.1,168,460,1856,14,4,111,91,749,32,36.5,8.9,-132.06
2018,10,6,0,0.625,389,287,102,6.4,0.6,7,0.6,6.4,13,Baltimore Ravens,16,389,5999,1135,5.3,20,11,367,334,556,3558,18,9,6.1,184,547,2441,19,4.5,153,116,940,30,40.7,10.7,72.85
2019,14,2,0,0.875,531,282,249,15.6,0.1,15.6,11,4.7,1,Baltimore Ravens,16,531,6521,1064,6.1,15,7,386,289,440,3225,37,8,6.9,171,596,3296,21,5.5,188,109,867,27,52.1,8.6,245.99
2009,6,10,,0.375,258,326,-68,-4.3,2.4,-1.8,-4.5,2.7,28,Buffalo Bills,16,258,4382,911,4.8,30,11,233,256,441,2515,17,19,5.2,126,424,1867,6,4.4,81,107,855,26,27.1,13.8,-206.59
2010,4,12,0,0.25,283,425,-142,-8.9,4.3,-4.6,-1.5,-3.1,28,Buffalo Bills,16,283,4878,954,5.1,39,18,263,296,519,3158,24,21,5.7,166,401,1720,6,4.3,82,82,633,15,25.3,19.2,-174.07
2011,6,10,0,0.375,372,434,-62,-3.9,0.5,-3.4,1.2,-4.5,14,Buffalo Bills,16,372,5624,992,5.7,30,5,313,356,578,3703,24,25,6.2,180,391,1921,12,4.9,100,86,743,33,31.2,15.9,-104.05
2012,6,10,0,0.375,344,435,-91,-5.7,-1,-6.7,-0.9,-5.8,21,Buffalo Bills,16,344,5486,983,5.6,34,17,301,309,511,3269,24,17,6,176,442,2217,12,5,103,104,871,22,30,17.4,-100.38
2013,6,10,0,0.375,339,388,-49,-3.1,-0.1,-3.2,-1.3,-1.9,22,Buffalo Bills,16,339,5410,1116,4.8,27,12,301,299,522,3103,16,15,5.4,149,546,2307,15,4.2,113,110,954,39,29.9,12.1,-59.11
2014,9,7,0,0.563,343,289,54,3.4,1.6,4.9,-0.4,5.3,18,Buffalo Bills,16,343,5096,1020,5,23,10,273,363,579,3614,23,13,5.8,186,402,1482,7,3.7,65,124,1031,22,32.5,11.2,-43.33
2015,8,8,,0.5,379,359,20,1.3,-1.2,0,0.3,-0.2,12,Buffalo Bills,16,379,5775,1016,5.7,19,10,297,295,465,3343,23,9,6.6,155,509,2432,19,4.8,122,143,1249,20,34.9,8.6,37.71
2016,7,9,0,0.438,399,378,21,1.3,-1.6,-0.3,1.8,-2.2,10,Buffalo Bills,16,399,5666,1012,5.6,12,5,328,286,474,3036,17,7,5.8,155,492,2630,29,5.3,146,112,960,27,36.7,6.8,60.85
2017,9,7,0,0.563,302,359,-57,-3.6,-0.5,-4,-3,-1,22,Buffalo Bills,16,302,4842,1010,4.8,16,6,278,289,476,2825,16,10,5.4,149,487,2017,12,4.1,105,98,872,24,31.7,8.9,-156.16
2018,6,10,0,0.375,269,374,-105,-6.6,-0.3,-6.9,-6.3,-0.6,30,Buffalo Bills,16,269,4778,1008,4.7,32,9,283,271,499,2794,13,23,5.2,137,468,1984,15,4.2,108,116,992,38,26.4,15.5,-104.81
2019,10,6,0,0.625,314,259,55,3.4,-1.3,2.2,-3.5,5.7,23,Buffalo Bills,16,314,5283,1018,5.2,19,7,314,299,513,3229,21,12,5.8,162,465,2054,13,4.4,120,117,927,32,30.6,10.4,9.66
2009,8,8,,0.625,305,291,14,0.9,-0.2,0.7,-2.5,3.2,21,Carolina Panthers,16,315,5297,1023,5.2,31,11,289,264,465,2799,16,20,5.6,152,525,2498,18,4.8,123,88,698,14,29,15,-123.58
2010,2,14,0,0.125,196,408,-212,-13.3,0.1,-13.2,-9.1,-4.1,32,Carolina Panthers,16,196,4135,962,4.3,37,16,225,256,484,2289,9,21,4.3,125,428,1846,7,4.3,78,106,918,22,20.8,17.8,-280.1
2011,6,10,0,0.375,406,429,-23,-1.4,0.1,-1.3,2.6,-3.9,5,Carolina Panthers,16,406,6237,999,6.2,23,6,345,312,519,3829,21,17,6.9,175,445,2408,26,5.4,139,113,1013,31,38.5,12.8,39.94
2012,7,9,0,0.438,357,363,-6,-0.4,1.2,0.8,-0.5,1.3,18,Carolina Panthers,16,357,5771,988,5.8,22,10,328,284,490,3683,19,12,7,171,462,2088,21,4.5,123,98,835,34,32.6,10.3,2.08
2013,12,4,0,0.75,366,241,125,7.8,1.4,9.2,0.6,8.6,18,Carolina Panthers,16,366,5069,999,5.1,19,6,319,292,473,3043,24,13,5.9,169,483,2026,14,4.2,122,80,671,28,36.5,9.4,90.4
2014,7,8,1,0.469,339,374,-35,-2.2,-0.9,-3.1,-2.4,-0.7,19,Carolina Panthers,16,339,5547,1060,5.2,23,11,347,327,545,3511,23,12,6,199,473,2036,10,4.3,117,83,756,31,34.8,11.8,44.08
2015,15,1,,0.938,500,308,192,12,-3.9,8.1,6,2.1,1,Carolina Panthers,16,500,5871,1060,5.5,19,9,357,300,501,3589,35,10,6.7,197,526,2282,19,4.3,136,103,887,24,42.9,9.6,114.88
2016,6,10,0,0.375,369,402,-33,-2.1,1.1,-1,-0.2,-0.8,15,Carolina Panthers,16,369,5499,1052,5.2,29,10,318,306,563,3685,21,19,6.2,194,453,1814,16,4,99,98,835,25,34.7,14,-81.23
2017,11,5,0,0.688,363,327,36,2.3,2.1,4.3,1.7,2.7,12,Carolina Panthers,16,363,5179,1026,5,22,6,320,293,501,3077,22,16,5.7,167,490,2102,15,4.3,121,83,682,32,37.4,11.7,-100.34
2018,7,9,0,0.438,376,382,-6,-0.4,1.3,0.9,0.1,0.8,15,Carolina Panthers,16,376,5972,1011,5.9,22,6,356,378,563,3836,28,16,6.4,212,416,2136,17,5.1,117,92,818,27,37,12.1,117.24
2019,5,11,0,0.313,340,470,-130,-8.1,1.1,-7,-1.9,-5.1,20,Carolina Panthers,16,340,5469,1077,5.1,35,14,335,382,633,3650,17,21,5.3,230,386,1819,20,4.7,82,87,754,23,32.3,16.9,-24.07
2009,7,9,,0.563,391,261,130,8.1,-0.7,7.5,2.6,4.9,19,Chicago Bears,16,327,4965,971,5.1,34,7,262,340,563,3473,27,27,5.8,170,373,1492,6,4,71,100,836,21,29.5,16.6,-206.86
2010,11,5,0,0.688,334,286,48,3,1.1,4.1,-0.6,4.7,21,Chicago Bears,16,334,4631,936,4.9,31,10,263,276,466,3015,23,21,5.8,163,414,1616,10,3.9,76,91,768,24,29.3,15.7,-227.26
2011,8,8,0,0.5,353,341,12,0.8,0.9,1.7,-1.5,3.1,17,Chicago Bears,16,353,5026,978,5.1,29,9,271,268,473,3011,18,20,5.8,153,456,2015,10,4.4,97,104,800,21,28.6,14.6,-192.92
2012,10,6,0,0.625,375,277,98,6.1,0.8,6.9,1,6,16,Chicago Bears,16,375,4969,999,5,24,8,292,287,485,2999,21,16,5.7,163,470,1970,11,4.2,99,102,811,30,30.3,11.8,-115.17
2013,8,8,0,0.5,445,478,-33,-2.1,-2.1,-4.1,3,-7.1,2,Chicago Bears,16,445,6109,1013,6,23,10,344,373,579,4281,32,13,7,215,404,1828,13,4.5,102,85,708,27,39,12.1,75.28
2014,5,11,0,0.313,319,442,-123,-7.7,1,-6.7,-2,-4.7,23,Chicago Bears,16,319,5233,1005,5.2,29,10,322,396,609,3792,30,19,5.8,194,355,1441,8,4.1,91,113,997,37,27.8,16.1,-11.8
2015,6,10,,0.375,335,397,-62,-3.9,2.6,-1.3,-0.1,-1.2,23,Chicago Bears,16,335,5517,1025,5.4,21,9,312,334,523,3663,21,12,6.6,177,468,1854,13,4,108,99,909,27,37.4,11.2,8.41
2016,3,13,0,0.188,279,399,-120,-7.5,0,-7.5,-5.2,-2.3,29,Chicago Bears,16,279,5704,967,5.9,31,12,324,347,559,3969,19,19,6.8,212,380,1735,10,4.6,93,110,967,19,27.3,17.4,-70.06
2017,5,11,0,0.313,264,320,-56,-3.5,2.2,-1.3,-4.6,3.3,29,Chicago Bears,16,264,4599,934,4.9,22,10,266,291,473,2811,13,12,5.5,144,422,1788,13,4.2,92,115,943,30,24.1,12.1,-115.2
2018,12,4,0,0.75,421,283,138,8.6,-2.3,6.3,1.5,4.8,9,Chicago Bears,16,421,5502,1013,5.4,24,10,331,344,512,3564,28,14,6.5,177,468,1938,16,4.1,108,97,796,46,36.8,13.2,96.31
2019,8,8,0,0.5,280,298,-18,-1.1,0.2,-0.9,-5.4,4.5,29,Chicago Bears,16,280,4749,1020,4.7,19,7,297,371,580,3291,20,12,5.3,178,395,1458,8,3.7,85,103,838,34,29.1,10.5,-38.05
2009,10,6,,0.563,368,324,44,2.8,-1.1,1.7,1,0.7,22,Cincinnati Bengals,16,305,4946,1011,4.9,25,12,295,286,477,2890,21,13,5.7,159,505,2056,9,4.1,109,114,863,27,29.9,13,-130.3
2010,4,12,0,0.25,322,395,-73,-4.6,3.1,-1.4,0.4,-1.9,22,Cincinnati Bengals,16,322,5289,1046,5.1,34,14,317,365,590,3767,26,20,6.1,206,428,1522,8,3.6,85,90,725,26,30.5,16.3,-148.58
2011,9,7,0,0.563,344,323,21,1.3,-0.9,0.5,0.7,-0.2,18,Cincinnati Bengals,16,344,5118,1015,5,22,8,285,308,535,3340,21,14,6,160,455,1778,10,3.9,93,99,874,32,32.5,9.6,-104.83
2012,10,6,0,0.625,391,320,71,4.4,-2.4,2.1,1.2,0.9,12,Cincinnati Bengals,16,391,5323,1016,5.2,26,10,292,335,540,3578,28,16,6.1,173,430,1745,11,4.1,95,99,857,24,35.4,12.8,-90.48
2013,11,5,0,0.688,430,305,125,7.8,-2.5,5.4,2.3,3,6,Cincinnati Bengals,16,430,5891,1097,5.4,30,10,330,364,587,4136,33,20,6.7,205,481,1755,14,3.6,101,102,1000,24,32.3,14.9,33.5
2014,10,5,1,0.656,365,344,21,1.3,-0.6,0.7,-0.5,1.3,15,Cincinnati Bengals,16,365,5568,1018,5.5,26,9,313,323,503,3421,20,17,6.5,164,492,2147,19,4.4,122,102,812,27,34,13.1,13.84
2015,12,4,,0.75,419,279,140,8.8,1.9,10.6,4.8,5.8,7,Cincinnati Bengals,16,419,5728,1004,5.7,17,8,324,334,505,3923,31,9,7.3,191,467,1805,18,3.9,99,111,917,34,39.6,9.3,82.59
2016,6,9,1,0.406,325,315,10,0.6,0.4,1,-1.5,2.5,24,Cincinnati Bengals,16,325,5711,1050,5.4,17,9,341,364,563,3942,18,8,6.5,204,446,1769,17,4,100,88,726,37,35.8,8.5,30.41
2017,7,9,0,0.438,290,349,-59,-3.7,-1.3,-5,-4.1,-0.9,26,Cincinnati Bengals,16,290,4488,927,4.8,23,11,267,304,510,3122,25,12,5.7,165,377,1366,6,3.6,72,110,1027,30,26.5,11.4,-108.45
2018,6,10,0,0.375,368,455,-87,-5.4,2,-3.4,0,-3.4,17,Cincinnati Bengals,16,368,4972,938,5.3,17,4,304,331,542,3290,27,13,5.7,182,359,1682,13,4.7,92,114,957,30,35.5,9.6,47.57
2019,2,14,0,0.125,279,420,-141,-8.8,1.5,-7.3,-4.4,-2.9,30,Cincinnati Bengals,16,279,5169,1049,4.9,30,14,312,356,616,3652,18,16,5.5,191,385,1517,9,3.9,85,93,761,36,30.3,16,-57.73
2009,5,11,,0.313,245,375,-130,-8.1,-0.3,-8.4,-6,-2.4,29,Cleveland Browns,16,245,4163,971,4.3,31,13,237,219,443,2076,11,18,4.4,118,498,2087,10,4.2,102,77,678,17,23.3,16.4,-207.34
2010,5,11,0,0.313,271,332,-61,-3.8,2.3,-1.5,-3.4,2,31,Cleveland Browns,16,271,4635,927,5,29,11,265,296,478,2989,13,18,5.8,154,413,1646,13,4,87,78,675,24,27.7,15.8,-169.65
2011,4,12,0,0.25,218,307,-89,-5.6,0.2,-5.4,-7.2,1.8,30,Cleveland Browns,16,218,4621,1024,4.5,19,6,278,320,570,3090,16,13,5.1,173,415,1531,4,3.7,77,95,847,28,24.4,10,-180.18
2012,5,11,0,0.313,302,368,-66,-4.1,-1.2,-5.3,-4.6,-0.7,24,Cleveland Browns,16,302,5028,998,5,26,8,279,328,566,3435,16,18,5.7,185,396,1593,12,4,71,113,1005,23,29.8,12,-139.68
2013,4,12,0,0.25,308,406,-98,-6.1,-1.6,-7.7,-4.8,-2.9,27,Cleveland Browns,16,308,5423,1078,5,29,9,301,379,681,4040,26,20,5.5,200,348,1383,4,4,77,104,920,24,26.2,13.8,-83.4
2014,7,9,0,0.438,299,337,-38,-2.4,-1.5,-3.9,-4.8,0.9,27,Cleveland Browns,16,299,5193,1010,5.1,23,7,294,274,502,3465,12,16,6.5,179,477,1728,17,3.6,88,116,932,27,28,10.9,-21.15
2015,3,13,,0.188,278,432,-154,-9.6,3.5,-6.1,-3.2,-2.9,30,Cleveland Browns,16,278,5311,1042,5.1,30,18,307,371,609,3782,20,12,5.7,192,380,1529,5,4,81,120,1083,34,29.8,15.2,-66.22
2016,1,15,0,0.063,264,452,-188,-11.8,1.7,-10.1,-5.2,-4.9,31,Cleveland Browns,16,264,4976,983,5.1,25,11,296,338,567,3264,15,14,5.2,181,350,1712,13,4.9,83,95,736,32,27.2,13.3,-72.41
2017,0,16,0,0,234,410,-176,-11,0,-11,-6.8,-4.1,32,Cleveland Browns,16,234,4942,1008,4.9,41,13,290,312,574,3228,15,28,5.2,157,384,1714,11,4.5,97,110,924,36,22,21,-233.13
2018,7,8,1,0.469,359,392,-33,-2.1,1.7,-0.3,-1,0.6,20,Cleveland Browns,16,359,5900,1023,5.8,24,7,314,353,574,4007,29,17,6.5,189,411,1893,15,4.6,93,112,894,32,31.2,11.4,36.91
2019,6,10,0,0.375,335,393,-58,-3.6,1.7,-1.9,-0.4,-1.5,22,Cleveland Browns,16,335,5455,973,5.6,28,7,305,318,539,3554,22,21,6.1,180,393,1901,15,4.8,90,122,1106,35,34.1,14.8,16.54
2009,11,5,,0.875,416,307,109,6.8,-0.9,5.9,4.4,1.5,14,Dallas Cowboys,16,361,6390,1020,6.3,19,10,335,347,550,4287,26,9,7.3,203,436,2103,14,4.8,110,115,892,22,33.5,9.5,-32.87
2010,6,10,0,0.375,394,436,-42,-2.6,0.5,-2.2,2.5,-4.7,7,Dallas Cowboys,16,394,5828,1035,5.6,30,11,327,379,576,4042,29,19,6.7,201,428,1786,10,4.2,104,109,863,22,34.6,14.8,-108.16
2011,8,8,0,0.5,369,347,22,1.4,0.3,1.6,0.7,0.9,15,Dallas Cowboys,16,369,6008,1017,5.9,21,9,327,376,570,4201,33,12,6.9,219,408,1807,5,4.4,91,114,816,17,37.8,11.4,-45.46
2012,8,8,0,0.5,376,400,-24,-1.5,1.8,0.3,1.4,-1.2,15,Dallas Cowboys,16,376,5994,1049,5.7,29,10,338,434,658,4729,29,19,6.8,237,355,1265,8,3.6,76,117,853,25,36.7,15,-39.11
2013,8,8,0,0.5,439,432,7,0.4,-1.1,-0.7,2.7,-3.4,5,Dallas Cowboys,16,439,5458,957,5.7,20,8,325,375,586,3954,33,12,6.4,213,336,1504,12,4.5,80,102,867,32,39.9,9.8,88.89
2014,12,4,0,0.75,467,352,115,7.2,-1.8,5.4,5.3,0.1,5,Dallas Cowboys,16,467,6138,1014,6.1,25,14,342,328,476,3784,37,11,7.5,205,508,2354,16,4.6,106,105,839,31,43.6,12.8,174.23
2015,4,12,,0.25,275,374,-99,-6.2,-0.7,-6.9,-7,0.1,31,Dallas Cowboys,16,275,5361,969,5.5,33,11,307,334,528,3471,16,22,6.2,175,408,1890,8,4.6,94,112,882,38,31.4,18,-51.92
2016,13,3,0,0.813,421,306,115,7.2,-0.2,7,4.1,2.9,5,Dallas Cowboys,16,421,6027,1010,6,15,9,358,325,483,3631,25,6,7.1,191,499,2396,24,4.8,142,105,879,25,43.9,8.7,86.3
2017,9,7,0,0.563,354,332,22,1.4,0.2,1.6,0.4,1.2,14,Dallas Cowboys,16,354,5311,1005,5.3,22,9,314,309,493,3141,22,13,6,162,480,2170,18,4.5,127,97,939,25,36.3,11.1,-40.65
2018,10,6,0,0.625,339,324,15,0.9,0.2,1.1,-1.9,2.9,22,Dallas Cowboys,16,339,5501,1022,5.4,17,9,322,356,527,3538,22,8,6.1,184,439,1963,13,4.5,113,104,885,25,37.9,10.1,83.04
2019,8,8,0,0.5,434,321,113,7.1,-1.8,5.3,3.8,1.5,6,Dallas Cowboys,16,434,6904,1069,6.5,18,7,379,388,597,4751,30,11,7.7,229,449,2153,18,4.8,120,109,1008,30,44.6,10.3,214.77
2009,8,8,,0.563,388,333,55,3.4,-1.5,2,2.7,-0.7,20,Denver Broncos,16,326,5463,1032,5.3,23,10,306,341,558,3627,21,13,6.1,186,440,1836,9,4.2,95,93,800,25,31.7,11.6,-111.32
2010,4,12,0,0.25,344,471,-127,-7.9,-1,-8.9,-1.1,-7.8,19,Denver Broncos,16,344,5582,1018,5.5,27,15,309,334,580,4038,25,12,6.5,204,398,1544,13,3.9,81,98,944,24,30.6,11.7,-125.44
2011,8,8,0,0.5,309,390,-81,-5.1,-0.2,-5.3,-3.6,-1.7,25,Denver Broncos,16,309,5066,1017,5,30,17,286,217,429,2434,20,13,5.2,130,546,2632,11,4.8,129,101,843,27,24.5,14.2,-154.77
2012,13,3,0,0.813,481,289,192,12,-1.9,10.1,6.3,3.8,2,Denver Broncos,16,481,6366,1090,5.8,25,14,380,402,588,4534,37,11,7.4,232,481,1832,12,3.8,112,100,805,36,39.9,12.2,54.27
2013,13,3,0,0.813,606,399,207,12.9,-1.6,11.4,14.1,-2.7,1,Denver Broncos,16,606,7317,1156,6.3,26,16,435,461,675,5444,55,10,7.8,293,461,1873,16,4.1,107,117,1000,35,47.5,10.4,277.21
2014,12,4,0,0.75,482,354,128,8,1.6,9.6,9.2,0.4,2,Denver Broncos,16,482,6446,1067,6,20,5,360,399,607,4661,40,15,7.5,227,443,1785,15,4,98,120,1045,35,39.9,9.6,140.4
2015,12,4,,0.75,355,296,59,3.7,2.1,5.8,0.3,5.5,19,Denver Broncos,16,355,5688,1056,5.4,31,8,314,368,606,3970,19,23,6.2,201,411,1718,13,4.2,85,115,1063,28,31.2,15.1,-48.41
2016,9,7,0,0.563,333,297,36,2.3,1.8,4,-2,6.1,22,Denver Broncos,16,333,5169,1020,5.1,25,14,290,339,570,3685,20,11,6,181,410,1484,11,3.6,76,119,985,33,30.3,11.6,-94.99
2017,5,11,0,0.313,289,382,-93,-5.8,-0.9,-6.7,-3.9,-2.9,27,Denver Broncos,16,289,5185,1075,4.8,34,12,297,332,566,3333,19,22,5.4,180,457,1852,8,4.1,92,113,885,25,26.4,16.6,-165.14
2018,6,10,0,0.375,329,349,-20,-1.3,0.7,-0.5,-3.6,3.1,24,Denver Broncos,16,329,5602,1015,5.5,21,6,320,367,588,3695,19,15,5.9,181,393,1907,18,4.9,107,125,985,32,30.6,11.3,24.23
2019,7,9,0,0.438,282,316,-34,-2.1,0,-2.1,-4.8,2.7,28,Denver Broncos,16,282,4777,954,5,16,6,279,312,504,3115,16,10,5.7,162,409,1662,11,4.1,77,110,912,40,32.9,9.4,-11.61
2009,2,14,,0.5,354,402,-48,-3,0.2,-2.8,0.9,-3.6,27,Detroit Lions,16,262,4784,1037,4.6,41,9,281,316,585,3168,16,32,5,168,409,1616,9,4,82,98,768,31,23.7,20.1,-196.67
2010,6,10,0,0.375,362,369,-7,-0.4,2.3,1.9,2.4,-0.5,15,Detroit Lions,16,362,5423,1064,5.1,25,9,304,383,633,3810,26,16,5.8,199,404,1613,11,4,83,136,1018,22,32.1,12.4,-105.43
2011,10,6,0,0.625,474,387,87,5.4,0.6,6.1,6.9,-0.8,4,Detroit Lions,16,474,6337,1058,6,23,7,349,423,666,4814,41,16,6.9,244,356,1523,9,4.3,71,128,1075,34,37.6,10.7,33.96
2012,4,12,0,0.25,372,437,-65,-4.1,1.8,-2.3,2.1,-4.4,17,Detroit Lions,16,372,6540,1160,5.6,33,16,382,445,740,4927,22,17,6.4,272,391,1613,17,4.1,84,103,944,26,36,15.2,-59.66
2013,7,9,0,0.438,395,376,19,1.2,-2.8,-1.6,-1.2,-0.5,13,Detroit Lions,16,395,6274,1102,5.7,34,15,350,371,634,4482,29,19,6.8,221,445,1792,15,4,106,110,925,23,32.1,17.3,25.59
2014,11,5,0,0.688,321,282,39,2.4,-0.4,2.1,-3.2,5.2,22,Detroit Lions,16,321,5452,1045,5.2,20,8,310,365,604,4030,22,12,6.2,210,396,1422,11,3.6,72,118,989,28,32.4,9.5,50.59
2015,7,9,,0.438,358,400,-42,-2.6,2.4,-0.2,1,-1.3,18,Detroit Lions,16,358,5547,1030,5.4,24,10,337,420,632,4212,33,14,6.2,236,354,1335,7,3.8,71,104,930,30,34.6,12.3,31.8
2016,9,7,0,0.563,346,358,-12,-0.8,-0.6,-1.4,-1.3,-0.1,20,Detroit Lions,16,346,5421,981,5.5,15,5,329,388,594,4111,24,10,6.5,217,350,1310,9,3.7,76,100,861,36,41,9,30.86
2017,9,7,0,0.563,410,376,34,2.1,0.6,2.7,5.2,-2.5,7,Detroit Lions,16,410,5404,980,5.5,22,11,296,374,570,4183,29,11,6.8,210,363,1221,10,3.4,58,104,968,28,37.3,11.9,-93.68
2018,6,10,0,0.375,324,360,-36,-2.3,-0.8,-3,-3.3,0.3,25,Detroit Lions,16,324,5236,1019,5.1,19,7,325,375,574,3576,22,12,5.8,201,404,1660,11,4.1,91,94,852,33,35.3,11,39.87
2019,3,12,1,0.219,341,423,-82,-5.1,-0.1,-5.2,-1.2,-4,18,Detroit Lions,16,341,5549,1021,5.4,23,8,313,344,571,3900,28,15,6.4,196,407,1649,7,4.1,82,113,937,35,33.3,11.7,33.07
2009,11,5,,0.438,290,380,-90,-5.6,-0.9,-6.5,-3.8,-2.6,3,Green Bay Packers,16,461,6065,1042,5.8,16,8,335,357,553,4180,30,8,6.9,201,438,1885,20,4.3,102,118,1057,32,40.3,7.9,72.34
2010,10,6,0,0.625,388,240,148,9.3,1.7,10.9,3.1,7.9,10,Green Bay Packers,16,388,5730,1000,5.7,22,9,312,352,541,4124,31,13,7.1,204,421,1606,11,3.8,88,78,617,20,35,10.9,-45.71
2011,15,1,0,0.938,560,359,201,12.6,-1.2,11.4,11.5,-0.1,1,Green Bay Packers,16,560,6482,988,6.6,14,6,353,376,552,4924,51,8,8.3,230,395,1558,12,3.9,89,76,591,34,48.3,6.1,92.5
2012,11,5,0,0.688,433,336,97,6.1,1.2,7.3,4.9,2.4,5,Green Bay Packers,16,433,5751,1042,5.5,16,8,341,374,558,4049,40,8,6.6,213,433,1702,9,3.9,85,103,923,43,37.6,8.1,25.77
2013,8,7,1,0.531,417,428,-11,-0.7,-2.4,-3.1,0.5,-3.6,8,Green Bay Packers,16,417,6404,1074,6,25,9,351,366,570,4268,25,16,6.9,201,459,2136,17,4.7,119,86,801,31,40.9,12.4,113.82
2014,12,4,0,0.75,486,348,138,8.6,-0.3,8.3,7.9,0.4,1,Green Bay Packers,16,486,6178,1001,6.2,13,7,356,349,536,4261,38,6,7.5,222,435,1917,14,4.4,104,92,775,30,46.7,7.1,172.28
2015,10,6,,0.625,368,323,45,2.8,2.5,5.3,2,3.3,15,Green Bay Packers,16,368,5353,1056,5.1,17,9,317,348,573,3503,31,8,5.7,173,436,1850,8,4.2,100,105,906,44,33.3,8.9,40.61
2016,10,6,0,0.625,432,388,44,2.8,0.1,2.8,4.9,-2,4,Green Bay Packers,16,432,5900,1029,5.7,17,9,349,403,620,4199,40,8,6.4,222,374,1701,11,4.5,91,100,827,36,43.8,9.1,115.16
2017,7,9,0,0.438,320,384,-64,-4,2.1,-1.9,-0.3,-1.6,21,Green Bay Packers,16,320,4891,999,4.9,25,7,307,352,562,3167,25,18,5.2,176,386,1724,13,4.5,99,96,789,32,30.5,13.2,-61.83
2018,6,9,1,0.406,376,400,-24,-1.5,-1.2,-2.7,0,-2.7,14,Green Bay Packers,16,376,5905,1026,5.8,15,11,332,392,640,4238,25,4,6.1,208,333,1667,14,5,98,108,937,26,38.8,6.7,108.88
2019,13,3,0,0.813,376,313,63,3.9,-0.7,3.2,0.6,2.6,15,Green Bay Packers,16,376,5528,1020,5.4,13,9,320,356,573,3733,26,4,6.1,190,411,1795,18,4.4,90,100,774,40,37.1,6.9,118.4
2009,9,7,,0.813,454,320,134,8.4,-1.7,6.6,6.4,0.2,10,Houston Texans,16,388,6129,1043,5.9,28,11,340,399,593,4654,29,17,7.5,231,425,1475,13,3.5,93,95,833,16,33.7,15,-28.67
2010,6,10,0,0.375,390,427,-37,-2.3,0.5,-1.8,1.8,-3.7,9,Houston Texans,16,390,6186,1029,6,18,6,360,365,574,4144,24,12,6.8,222,423,2042,20,4.8,118,90,690,20,39.7,10.1,53.17
2011,10,6,0,0.625,381,278,103,6.4,-1.9,4.5,1.4,3.2,10,Houston Texans,16,381,5954,1046,5.7,20,11,321,288,467,3506,20,9,7,176,546,2448,18,4.5,131,99,852,14,37.2,10.5,-63.12
2012,12,4,0,0.75,416,331,85,5.3,-1.8,3.5,1.8,1.7,8,Houston Texans,16,416,5953,1090,5.5,17,4,341,354,554,3830,22,13,6.6,205,508,2123,19,4.2,114,108,873,22,35.6,8.4,-20.08
2013,2,14,0,0.125,276,428,-152,-9.5,1.9,-7.6,-5,-2.6,31,Houston Texans,16,276,5556,1089,5.1,31,9,307,371,633,3813,19,22,5.6,198,414,1743,7,4.2,90,112,1138,19,25.9,14.9,-85.06
2014,9,7,0,0.563,372,307,65,4.1,-2.3,1.7,-0.8,2.5,14,Houston Texans,16,372,5513,1062,5.2,22,9,313,295,485,3352,22,13,6.6,171,551,2161,12,3.9,108,94,834,34,33,11.3,13.01
2015,9,7,,0.563,339,313,26,1.6,-2.4,-0.8,-3.3,2.6,22,Houston Texans,16,339,5564,1127,4.9,20,8,335,358,619,3833,29,12,5.9,210,472,1731,7,3.7,90,107,910,35,28.9,9.8,-38.02
2016,9,7,0,0.563,279,328,-49,-3.1,0.4,-2.6,-5.3,2.7,28,Houston Texans,16,279,5035,1071,4.7,24,8,305,347,583,3176,15,16,5.2,173,456,1859,8,4.1,102,87,868,30,31.4,11.4,-102.3
2017,4,12,0,0.25,338,436,-98,-6.1,-0.3,-6.4,-0.8,-5.6,17,Houston Texans,16,338,5120,1027,5,28,11,313,299,525,3278,28,17,5.7,180,448,1842,8,4.1,86,124,1050,47,29.2,14.6,-78.81
2018,11,5,0,0.688,402,316,86,5.4,-1.5,3.8,2.4,1.4,11,Houston Texans,16,402,5802,1040,5.6,16,7,333,345,506,3781,26,9,6.7,202,472,2021,12,4.3,94,105,787,37,40.3,8.1,84.1
2019,10,6,0,0.625,378,385,-7,-0.4,1,0.5,1,-0.5,14,Houston Texans,16,378,5792,1017,5.7,22,8,346,355,534,3783,27,14,6.5,203,434,2009,17,4.6,112,111,892,31,37.7,12,121.67
2009,14,2,,0.5,326,324,2,0.1,0.2,0.3,-1,1.3,7,Indianapolis Colts,16,416,5809,980,5.9,24,5,339,402,601,4515,34,19,7.4,241,366,1294,16,3.5,69,74,546,29,37.9,13.2,43.68
2010,10,6,0,0.625,435,388,47,2.9,-0.1,2.9,3.7,-0.9,4,Indianapolis Colts,16,435,6092,1088,5.6,25,8,366,450,679,4609,33,17,6.6,253,393,1483,13,3.8,87,79,709,26,40.2,13.4,28.65
2011,2,14,0,0.125,243,430,-187,-11.7,0.4,-11.3,-6,-5.3,29,Indianapolis Colts,16,243,4589,951,4.8,29,15,258,302,534,2995,14,14,5.3,170,382,1594,8,4.2,69,76,549,19,24.2,15.6,-156.99
2012,11,5,0,0.688,357,387,-30,-1.9,-2.8,-4.7,-1.9,-2.8,19,Indianapolis Colts,16,357,5799,1109,5.2,27,9,360,339,628,4128,23,18,6.2,208,440,1671,11,3.8,110,94,801,42,33.3,13.9,-73.11
2013,11,5,0,0.688,391,336,55,3.4,0.6,4,1.7,2.3,14,Indianapolis Colts,16,391,5468,1023,5.3,14,4,318,350,582,3725,23,10,6.1,191,409,1743,15,4.3,88,66,576,39,38.8,6.9,98
2014,11,5,0,0.688,458,369,89,5.6,-1.1,4.4,5.2,-0.8,6,Indianapolis Colts,16,458,6506,1105,5.9,31,15,371,410,661,4894,42,16,7.1,251,415,1612,9,3.9,80,105,848,40,39.5,14.6,83.73
2015,8,8,,0.5,333,408,-75,-4.7,-2,-6.7,-3.1,-3.6,24,Indianapolis Colts,16,333,5142,1052,4.9,30,11,311,355,619,3704,26,19,5.6,195,396,1438,6,3.6,77,108,931,39,29.4,14.4,-51.38
2016,8,8,0,0.5,411,392,19,1.2,-0.8,0.4,3.1,-2.7,8,Indianapolis Colts,16,411,5830,1037,5.6,22,7,351,370,584,4202,32,15,6.7,220,409,1628,13,4,93,103,883,38,40.6,12.2,68.23
2017,4,12,0,0.25,263,404,-141,-8.8,-1.3,-10.1,-6.1,-4,30,Indianapolis Colts,16,263,4553,994,4.6,15,6,267,285,487,2892,13,9,5.3,148,451,1661,11,3.7,94,92,779,25,29.4,8.3,-189.77
2018,10,6,0,0.625,433,344,89,5.6,-2.2,3.4,3.9,-0.6,5,Indianapolis Colts,16,433,6179,1070,5.8,24,9,371,432,644,4461,39,15,6.7,237,408,1718,13,4.2,96,120,953,38,41.2,13.2,140.47
2019,7,9,0,0.438,361,373,-12,-0.8,-1.1,-1.8,-1,-0.8,17,Indianapolis Colts,16,361,5238,1016,5.2,21,11,340,307,513,3108,22,10,5.7,165,471,2130,17,4.5,131,79,670,44,36.1,11.4,78.8
2009,7,9,,0.313,197,379,-182,-11.4,1.1,-10.3,-8.7,-1.6,24,Jacksonville Jaguars,16,290,5385,1010,5.3,23,13,300,315,519,3356,15,10,6,170,447,2029,19,4.5,114,70,542,16,29.5,12.5,-95.89
2010,8,8,0,0.5,353,419,-66,-4.1,-0.4,-4.5,-1.2,-3.3,18,Jacksonville Jaguars,16,353,5460,1019,5.4,33,12,330,291,469,3065,26,21,6,161,512,2395,14,4.7,148,83,675,21,35,16.9,-35.27
2011,5,11,0,0.313,243,329,-86,-5.4,-0.3,-5.6,-7.1,1.4,28,Jacksonville Jaguars,16,243,4149,1002,4.1,23,8,251,240,469,2179,12,15,4.2,122,489,1970,9,4,103,77,680,26,22.7,11.3,-229.23
2012,2,14,0,0.125,255,444,-189,-11.8,-1.1,-13,-8.1,-4.9,30,Jacksonville Jaguars,16,255,4788,994,4.8,26,9,269,328,586,3419,20,17,5.4,157,358,1369,5,3.8,76,101,955,36,25.5,12.8,-192.09
2013,4,12,0,0.25,247,449,-202,-12.6,1.5,-11.1,-7.1,-4,32,Jacksonville Jaguars,16,247,4701,1020,4.6,27,6,271,349,592,3441,16,21,5.4,176,378,1260,7,3.3,71,96,797,24,23.6,13.8,-130.11
2014,3,13,0,0.188,249,412,-163,-10.2,-0.3,-10.5,-7.8,-2.7,32,Jacksonville Jaguars,16,249,4634,988,4.7,26,8,271,325,557,3001,15,18,4.8,154,360,1633,9,4.5,86,73,573,31,22.6,12.8,-120.53
2015,5,11,,0.313,376,448,-72,-4.5,-3,-7.5,-0.7,-6.9,14,Jacksonville Jaguars,16,376,5581,1012,5.5,28,10,313,355,607,4108,35,18,6.2,215,354,1473,5,4.2,69,105,880,29,34.2,14,-28.13
2016,3,13,0,0.188,318,400,-82,-5.1,0.2,-5,-2.7,-2.3,25,Jacksonville Jaguars,16,318,5359,1052,5.1,29,13,321,369,626,3728,24,16,5.6,207,392,1631,8,4.2,75,129,1187,39,31.4,13.6,-67.5
2017,10,6,0,0.625,417,268,149,9.3,-2.8,6.5,3,3.6,5,Jacksonville Jaguars,16,417,5855,1078,5.4,23,10,332,316,527,3593,21,13,6.5,193,527,2262,18,4.3,101,112,936,38,34.7,11.1,-36.01
2018,5,11,0,0.313,245,316,-71,-4.4,0.4,-4,-8.1,4,31,Jacksonville Jaguars,16,245,4832,1005,4.8,29,16,277,329,536,3109,15,13,5.3,164,416,1723,7,4.1,92,121,1112,21,25,15.6,-98.17
2019,6,10,0,0.375,300,397,-97,-6.1,-0.6,-6.7,-4.6,-2.1,26,Jacksonville Jaguars,16,300,5468,1020,5.4,20,12,298,364,589,3760,24,8,6,183,389,1708,3,4.4,85,132,1165,30,33.9,10.2,-14.15
2009,4,12,,0.25,294,424,-130,-8.1,-0.3,-8.4,-2.5,-5.9,23,Kansas City Chiefs,16,294,4851,1019,4.8,27,10,256,296,536,2922,18,17,5,139,438,1929,8,4.4,91,84,667,26,25.2,12.4,-192.81
2010,10,6,0,0.625,366,326,40,2.5,-3.2,-0.7,-1.5,0.8,14,Kansas City Chiefs,16,366,5595,1063,5.3,14,6,319,274,475,2968,27,8,5.9,167,556,2627,13,4.7,129,90,771,23,31.3,6.8,-93.85
2011,7,9,0,0.438,212,338,-126,-7.9,-0.2,-8.1,-10.2,2.1,31,Kansas City Chiefs,16,212,4973,1021,4.9,28,10,277,299,500,3080,13,18,5.8,163,487,1893,5,3.9,89,110,916,25,22.2,12.7,-185.47
2012,2,14,0,0.125,211,425,-214,-13.4,-0.6,-14,-10.3,-3.7,32,Kansas City Chiefs,16,211,5108,1015,5,37,17,286,273,475,2713,8,20,5.3,144,500,2395,9,4.8,118,92,733,24,24.2,18.8,-203.56
2013,11,5,0,0.688,430,305,125,7.8,-1.7,6.1,1.7,4.3,7,Kansas City Chiefs,16,430,5396,1029,5.2,18,10,323,333,546,3340,24,8,5.7,179,442,2056,17,4.7,110,101,774,34,32,9.1,38.85
2014,9,7,0,0.563,353,281,72,4.5,1.2,5.7,0,5.7,16,Kansas City Chiefs,16,353,5100,962,5.3,17,11,309,320,493,3182,18,6,5.9,184,420,1918,18,4.6,92,88,681,33,35.8,9.2,52.61
2015,11,5,,0.688,405,287,118,7.4,1.6,9,3.7,5.3,9,Kansas City Chiefs,16,405,5299,955,5.5,15,8,303,310,473,3255,20,7,6.3,155,436,2044,19,4.7,116,104,878,32,37.9,7.1,41.53
2016,12,4,0,0.75,389,311,78,4.9,0.7,5.6,1.2,4.4,13,Kansas City Chiefs,16,389,5488,990,5.5,17,9,305,365,546,3740,19,8,6.5,197,412,1748,15,4.2,86,109,848,22,37.1,9,-23.04
2017,10,6,0,0.625,415,339,76,4.8,-1.3,3.4,3.8,-0.3,6,Kansas City Chiefs,16,415,6007,985,6.1,11,3,322,363,543,4104,26,8,7.1,198,405,1903,12,4.7,95,118,1044,29,44.9,6.3,-22.58
2018,12,4,0,0.75,565,421,144,9,-0.1,8.9,12.6,-3.8,1,Kansas City Chiefs,16,565,6810,996,6.8,18,6,384,385,583,4955,50,12,8.1,239,387,1855,16,4.8,108,137,1152,37,52.6,10.5,298.14
2019,12,4,0,0.75,451,308,143,8.9,0.2,9.1,6.2,2.9,5,Kansas City Chiefs,16,451,6067,976,6.2,15,10,350,378,576,4498,30,5,7.5,211,375,1569,16,4.2,93,107,1029,46,49.4,8,265.38
2017,9,7,0,0.563,355,272,83,5.2,-1.5,3.6,-0.3,4,13,Los Angeles Chargers,16,355,6026,1020,5.9,15,4,337,366,583,4431,28,11,7.4,220,419,1595,10,3.8,84,108,927,33,33.3,8.5,-17.69
2018,12,4,0,0.75,428,329,99,6.2,-0.2,6,3,2.9,7,Los Angeles Chargers,16,428,5962,945,6.3,19,7,338,348,512,4089,32,12,7.5,213,399,1873,16,4.7,100,113,967,25,42.4,10,170.19
2019,5,11,0,0.313,337,345,-8,-0.5,-0.8,-1.3,-1.6,0.3,21,Los Angeles Chargers,16,337,5879,997,5.9,31,11,349,394,597,4426,24,20,7,220,366,1453,12,4,90,103,872,39,39.5,18.5,83.43
2016,4,12,0,0.25,224,394,-170,-10.6,-0.5,-11.1,-9.5,-1.6,32,Los Angeles Rams,16,224,4203,960,4.4,29,9,245,312,536,2951,14,20,5,151,375,1252,9,3.3,68,126,1091,26,21.8,14.5,-190.35
2017,11,5,0,0.688,478,329,149,9.3,-0.2,9.2,8.2,1,1,Los Angeles Rams,16,478,5784,1000,5.8,21,14,311,320,518,3831,28,7,7,185,454,1953,17,4.3,97,107,922,29,45.3,9.5,-43.18
2018,13,3,0,0.813,527,384,143,8.9,-0.4,8.5,9.5,-1.1,2,Los Angeles Rams,16,527,6738,1060,6.4,19,7,401,368,568,4507,32,12,7.5,236,459,2231,23,4.9,134,96,878,31,48.6,9.8,239.79
2019,9,7,0,0.563,394,364,30,1.9,2,3.9,2.2,1.7,11,Los Angeles Rams,16,394,5998,1055,5.7,24,7,342,397,632,4499,22,17,6.9,222,401,1499,20,3.7,92,118,899,28,36,12.9,42.09
2009,7,9,,0.688,361,250,111,6.9,0.2,7.1,0.4,6.7,15,Miami Dolphins,16,360,5401,1088,5,29,10,333,331,545,3170,15,19,5.5,188,509,2231,22,4.4,129,78,640,16,34.3,15.5,-80.15
2010,7,9,0,0.438,273,333,-60,-3.8,4.1,0.3,-2.8,3.1,30,Miami Dolphins,16,273,5170,1040,5,31,10,300,335,557,3527,17,21,5.9,189,445,1643,8,3.7,91,72,595,20,29.7,15.7,-174.02
2011,6,10,0,0.375,329,313,16,1,-0.1,0.9,-2.2,3.2,20,Miami Dolphins,16,329,5078,990,5.1,25,12,287,280,469,3091,20,13,5.9,166,469,1987,11,4.2,89,85,779,32,32.8,12.8,-126.5
2012,7,9,0,0.438,288,317,-29,-1.8,-0.8,-2.6,-5.5,2.9,27,Miami Dolphins,16,288,4984,981,5.1,26,13,288,293,504,3182,13,13,5.9,158,440,1802,15,4.1,93,82,724,37,27.4,12.9,-88.66
2013,8,8,0,0.5,317,335,-18,-1.1,0.3,-0.8,-2.9,2.1,26,Miami Dolphins,16,317,5007,1001,5,26,7,278,357,594,3567,24,19,5.5,205,349,1440,8,4.1,61,70,598,12,29.9,13.4,-18.67
2014,8,8,0,0.5,388,373,15,0.9,1.6,2.6,2.9,-0.4,11,Miami Dolphins,16,388,5601,1040,5.4,23,11,361,394,595,3729,27,12,5.8,226,399,1872,12,4.7,99,81,635,36,37.6,10.5,74.78
2015,6,10,,0.375,310,389,-79,-4.9,-1.9,-6.8,-4.7,-2.2,27,Miami Dolphins,16,310,5307,977,5.4,19,7,291,365,588,3811,24,12,6,194,344,1496,11,4.3,72,134,1090,25,25.7,9.6,-4.88
2016,10,6,0,0.625,363,380,-17,-1.1,-1.3,-2.4,-0.6,-1.8,17,Miami Dolphins,16,363,5324,913,5.8,23,8,278,316,477,3500,27,15,6.9,167,406,1824,14,4.5,90,125,1142,21,30.7,11.1,-48.39
2017,6,10,0,0.375,281,393,-112,-7,0.7,-6.3,-3.9,-2.4,28,Miami Dolphins,16,281,4923,995,4.9,29,8,284,373,602,3535,24,21,5.6,187,360,1388,4,3.9,66,137,1154,31,25.8,15.3,-156.17
2018,7,9,0,0.438,319,433,-114,-7.1,-1.7,-8.8,-3.6,-5.2,26,Miami Dolphins,16,319,4638,878,5.3,23,10,252,292,455,2900,26,13,5.7,153,371,1738,7,4.7,75,108,978,24,28.3,12.5,-40.39
2019,5,11,0,0.313,306,494,-188,-11.8,0.2,-11.6,-2.4,-9.1,25,Miami Dolphins,16,306,4960,1022,4.9,26,8,315,371,615,3804,22,18,5.7,210,349,1156,10,3.3,64,92,769,41,30.6,13.3,-23.85
2009,12,4,,0.688,429,337,92,5.8,0.2,6,5.8,0.2,2,Minnesota Vikings,16,470,6074,1054,5.8,18,11,343,377,553,4156,34,7,7.1,220,467,1918,19,4.1,99,101,757,24,42,9,7.01
2010,6,10,0,0.375,281,348,-67,-4.2,2.6,-1.6,-3.3,1.7,29,Minnesota Vikings,16,281,5039,982,5.1,37,11,289,305,505,3097,14,26,5.7,159,441,1942,16,4.4,104,100,769,26,24.9,19,-126.19
2011,3,13,0,0.188,340,449,-109,-6.8,1.1,-5.7,-1.6,-4.1,19,Minnesota Vikings,16,340,5275,1007,5.2,26,9,297,286,510,2957,20,17,5.3,159,448,2318,18,5.2,118,109,908,20,31.7,13.2,-77.5
2012,10,6,0,0.625,379,348,31,1.9,1.4,3.4,1.6,1.8,14,Minnesota Vikings,16,379,5385,1001,5.4,23,11,306,300,483,2751,18,12,5.3,163,486,2634,16,5.4,113,90,830,30,37.9,12.6,-59.9
2013,5,10,1,0.344,391,480,-89,-5.6,-1.1,-6.6,0.2,-6.9,15,Minnesota Vikings,16,391,5508,1013,5.4,32,13,309,325,546,3427,18,19,5.8,173,423,2081,23,4.9,106,70,695,30,34.4,14.9,24.52
2014,7,9,0,0.438,325,343,-18,-1.1,-0.5,-1.7,-2.8,1.1,20,Minnesota Vikings,16,325,5048,981,5.1,20,2,288,322,517,3244,17,18,5.7,171,413,1804,12,4.4,90,100,836,27,31.8,10.8,6.55
2015,11,5,,0.688,365,302,63,3.9,1.9,5.8,1.1,4.7,16,Minnesota Vikings,16,365,5139,973,5.3,17,8,297,294,454,2928,14,9,5.9,153,474,2211,18,4.7,113,88,797,31,38.4,9.3,29.39
2016,8,8,0,0.5,327,307,20,1.3,-0.3,0.9,-2.6,3.6,23,Minnesota Vikings,16,327,5041,1006,5,16,11,303,414,588,3836,20,5,6.1,209,380,1205,9,3.2,66,103,882,28,32.8,7.5,-60.91
2017,13,3,0,0.813,382,252,130,8.1,1,9.1,2.3,6.8,10,Minnesota Vikings,16,382,5710,1055,5.4,14,6,334,357,527,3753,25,8,6.8,196,501,1957,15,3.9,100,100,949,38,38.9,7.6,-54.08
2018,8,7,1,0.531,360,341,19,1.2,-0.6,0.6,-1.2,1.8,19,Minnesota Vikings,16,360,5529,1003,5.5,20,10,310,425,606,4036,30,10,6.2,218,357,1493,9,4.2,66,92,779,26,32.4,10.6,7.47
2019,10,6,0,0.625,407,303,104,6.5,-1.1,5.4,2.5,2.9,8,Minnesota Vikings,16,407,5656,970,5.8,20,12,314,319,466,3523,26,8,7.1,171,476,2133,19,4.5,106,96,895,37,41.9,10.5,103.01
2009,10,6,,0.5,402,427,-25,-1.6,1.6,0.1,4.6,-4.5,6,New England Patriots,16,427,6357,1076,5.9,22,9,373,390,592,4436,28,13,7.3,222,466,1921,19,4.1,114,81,743,37,41,12.4,22.9
2010,14,2,0,0.875,518,313,205,12.8,2.6,15.4,12.6,2.8,1,New England Patriots,16,518,5820,986,5.9,10,5,335,331,507,3847,37,5,7.2,196,454,1973,19,4.3,119,83,766,20,47,5.4,73.64
2011,13,3,0,0.813,513,342,171,10.7,-1.4,9.3,9.4,-0.1,3,New England Patriots,16,513,6848,1082,6.3,17,5,399,402,612,5084,39,12,7.9,262,438,1764,18,4,107,87,815,30,47.2,8.3,99.08
2012,12,4,0,0.75,557,331,226,14.1,-1.4,12.8,12.2,0.5,1,New England Patriots,16,557,6846,1191,5.7,16,7,444,402,641,4662,34,9,7,256,523,2184,25,4.2,151,97,840,37,48.1,8.1,118.97
2013,12,4,0,0.75,444,338,106,6.6,-0.7,5.9,4.5,1.4,3,New England Patriots,16,444,6152,1138,5.4,20,9,378,380,628,4087,25,11,6.1,225,470,2065,19,4.4,110,69,625,43,40.8,10,100.43
2014,12,4,0,0.75,468,313,155,9.7,1.3,10.9,7.5,3.5,4,New England Patriots,16,468,5848,1073,5.5,13,4,361,392,609,4121,34,9,6.5,228,438,1727,13,3.9,96,120,1080,37,45.3,7.2,181.12
2015,12,4,,0.75,465,315,150,9.4,-2.4,7,5.3,1.7,3,New England Patriots,16,465,5991,1050,5.7,14,7,348,404,629,4587,36,7,6.9,230,383,1404,14,3.7,87,96,860,31,43.2,5.7,138.04
2016,14,2,0,0.875,441,250,191,11.9,-2.7,9.3,4.3,5,3,New England Patriots,16,441,6180,1056,5.9,11,9,351,368,550,4308,32,2,7.5,203,482,1872,19,3.9,109,93,819,39,42.9,4.9,113.38
2017,13,3,0,0.813,458,296,162,10.1,-1.2,8.9,6.3,2.6,2,New England Patriots,16,458,6307,1070,5.9,12,4,389,389,587,4418,32,8,7.1,232,448,1889,16,4.2,107,95,835,50,49.4,6.9,114.84
2018,11,5,0,0.688,436,325,111,6.9,-1.8,5.2,3.1,2.1,4,New England Patriots,16,436,6295,1073,5.9,18,7,365,378,574,4258,29,11,7.2,206,478,2037,18,4.3,131,93,744,28,40.8,9.2,190.96
2019,12,4,0,0.75,420,225,195,12.2,-1.8,10.4,2.8,7.6,7,New England Patriots,16,420,5664,1095,5.2,15,6,338,378,620,3961,25,9,6.1,197,447,1703,17,3.8,110,94,828,31,36.8,7.6,39.62
2009,13,3,,0.25,266,336,-70,-4.4,-0.2,-4.6,-5.5,1,1,New Orleans Saints,16,510,6461,1032,6.3,28,16,348,378,544,4355,34,12,7.7,215,468,2106,21,4.5,115,89,787,18,41.6,13.5,60.76
2010,11,5,0,0.688,384,307,77,4.8,-2.5,2.3,1.5,0.8,11,New Orleans Saints,16,384,5960,1067,5.6,31,9,351,450,661,4441,33,22,6.5,236,380,1519,9,4,94,90,884,21,38.5,16.7,-53.15
2011,13,3,0,0.813,547,339,208,13,-1.6,11.4,10.6,0.8,2,New Orleans Saints,16,547,7474,1117,6.7,19,5,416,472,662,5347,46,14,7.8,280,431,2127,16,4.9,116,99,851,20,51.4,10.9,165.64
2012,7,9,0,0.438,461,454,7,0.4,1,1.4,6.5,-5.1,3,New Orleans Saints,16,461,6574,1067,6.2,24,5,352,423,671,4997,43,19,7.2,267,370,1577,10,4.3,64,104,911,21,37.4,12.1,74.33
2013,11,5,0,0.688,414,304,110,6.9,1.9,8.8,3.8,5,10,New Orleans Saints,16,414,6391,1079,5.9,19,7,359,446,651,4918,39,12,7.1,244,391,1473,10,3.8,87,95,817,28,40.3,8.3,169.86
2014,7,9,0,0.438,401,424,-23,-1.4,-1.5,-2.9,1.9,-4.8,9,New Orleans Saints,16,401,6582,1095,6,30,13,395,456,659,4764,33,17,6.9,258,406,1818,16,4.5,101,80,670,36,39.1,16.7,151.45
2015,7,9,,0.438,408,476,-68,-4.3,-2.3,-6.6,1.1,-7.6,8,New Orleans Saints,16,408,6461,1096,5.9,20,8,381,460,667,4970,32,12,7.1,247,397,1491,16,3.8,98,130,1112,36,36.3,10.4,146.68
2016,7,9,0,0.438,469,454,15,0.9,0.6,1.5,6.8,-5.3,2,New Orleans Saints,16,469,6816,1105,6.2,24,9,395,472,674,5074,38,15,7.2,265,404,1742,17,4.3,105,107,969,25,45.9,12.7,76.86
2017,11,5,0,0.688,448,326,122,7.6,1.5,9.2,7,2.2,4,New Orleans Saints,16,448,6259,1000,6.3,18,10,332,386,536,4189,23,8,7.5,201,444,2070,23,4.7,111,105,967,20,44.6,9.1,7.38
2018,13,3,0,0.813,504,353,151,9.4,0.6,10.1,7.9,2.2,3,New Orleans Saints,16,504,6067,1010,6,16,9,377,381,519,4042,33,7,7.5,210,471,2025,26,4.3,134,94,939,33,51.8,9.5,237.73
2019,13,3,0,0.813,458,341,117,7.3,0,7.4,5,2.3,4,New Orleans Saints,16,458,5982,1011,5.9,8,2,347,418,581,4244,36,6,7,230,405,1738,12,4.3,97,120,1036,20,47.1,4.1,167.04
2009,8,8,,0.75,470,312,158,9.9,-2.7,7.2,6.6,0.6,8,New York Giants,16,402,5856,1017,5.8,31,17,323,338,542,4019,28,14,7,194,443,1837,14,4.1,103,95,802,26,37.7,15.3,-34.71
2010,10,6,0,0.625,394,347,47,2.9,-0.8,2.1,1.7,0.4,8,New York Giants,16,394,6085,1035,5.9,42,17,331,339,539,3885,31,25,7,192,480,2200,17,4.6,112,92,777,27,32.4,20.3,-49.21
2011,9,7,0,0.563,394,400,-6,-0.4,2,1.6,3.1,-1.5,9,New York Giants,16,394,6161,1028,6,24,8,331,359,589,4734,29,16,7.7,216,411,1427,17,3.5,84,94,795,31,32.5,11.5,-45.79
2012,9,7,0,0.563,429,344,85,5.3,0.9,6.2,4,2.2,6,New York Giants,16,429,5687,968,5.9,21,6,327,323,539,3825,26,15,6.8,187,409,1862,18,4.6,103,72,578,37,43.8,11.9,-14.71
2013,7,9,0,0.438,294,383,-89,-5.6,0.2,-5.4,-6.2,0.8,28,New York Giants,16,294,4920,988,5,44,15,280,325,567,3588,18,29,5.9,176,381,1332,11,3.5,77,91,786,27,25.5,20.1,-106.96
2014,6,10,0,0.375,380,400,-20,-1.3,-0.4,-1.7,0.8,-2.5,13,New York Giants,16,380,5875,1086,5.4,28,14,336,383,607,4272,30,14,6.7,218,449,1603,13,3.6,83,101,896,35,34.7,12.4,40.61
2015,6,10,,0.375,420,442,-22,-1.4,-2.2,-3.6,2.5,-6.1,6,New York Giants,16,420,5956,1053,5.7,21,7,331,392,623,4347,36,14,6.7,208,403,1609,5,4,77,102,777,46,38.2,11.3,31.24
2016,11,5,0,0.688,310,284,26,1.6,0.5,2.1,-3.2,5.4,26,New York Giants,16,310,5291,1018,5.2,27,11,289,377,598,3879,26,16,6.3,190,398,1412,6,3.5,73,88,857,26,27.5,13,-74.19
2017,3,13,0,0.188,246,388,-142,-8.9,1.3,-7.6,-6.4,-1.2,31,New York Giants,16,246,5028,1036,4.9,22,8,271,373,608,3479,20,14,5.4,178,394,1549,6,3.9,66,91,895,27,22.7,11.3,-167.56
2018,5,11,0,0.313,369,412,-43,-2.7,0.5,-2.2,0.8,-2.9,16,New York Giants,16,369,5697,984,5.8,19,7,297,382,583,4047,23,12,6.4,208,354,1650,13,4.7,71,114,951,18,38.4,9.6,70.53
2019,4,12,0,0.25,341,451,-110,-6.9,-1,-7.9,-1.8,-6.1,19,New York Giants,16,341,5416,1012,5.4,33,16,311,376,607,3731,30,17,5.7,187,362,1685,11,4.7,89,90,784,35,28.3,18.3,-5.3
2009,9,7,,0.688,461,297,164,10.3,-2.9,7.4,6.3,1.1,17,New York Jets,16,348,5136,1030,5,30,9,280,210,393,2380,12,21,5.6,131,607,2756,21,4.5,132,88,677,17,31.8,15.2,-176.01
2010,11,5,0,0.688,367,304,63,3.9,2.5,6.5,2.2,4.2,13,New York Jets,16,367,5616,1087,5.2,21,7,307,288,525,3242,20,14,5.9,171,534,2374,14,4.4,118,103,934,18,32.2,10.6,-122.93
2011,8,8,0,0.5,377,363,14,0.9,0,0.9,1.2,-0.3,13,New York Jets,16,377,4989,1030,4.8,34,16,301,310,547,3297,26,18,5.6,173,443,1692,14,3.8,92,102,849,36,29.6,13.8,-156.9
2012,6,10,0,0.375,281,375,-94,-5.9,0,-5.9,-5.1,-0.9,28,New York Jets,16,281,4787,1034,4.6,37,18,299,272,493,2891,14,19,5.4,162,494,1896,12,3.8,102,83,708,35,24.2,17.5,-166.55
2013,8,8,0,0.5,290,387,-97,-6.1,0,-6.1,-4.7,-1.4,29,New York Jets,16,290,5090,1020,5,29,7,280,266,480,2932,13,22,5.6,154,493,2158,12,4.4,105,108,837,21,29.6,14.8,-94.9
2014,4,12,0,0.25,283,401,-118,-7.4,2.3,-5,-4,-1,28,New York Jets,16,283,5226,1052,5,24,9,289,287,498,2946,16,15,5.4,154,507,2280,11,4.5,112,109,932,23,31.7,11.8,-44.92
2015,10,6,,0.625,387,314,73,4.6,-3,1.5,-0.5,2,11,New York Jets,16,387,5925,1074,5.5,24,8,329,362,604,4057,33,16,6.5,210,448,1868,11,4.2,99,96,787,20,35.7,11.6,72.26
2016,5,11,0,0.313,275,409,-134,-8.4,-0.1,-8.5,-5.5,-3,30,New York Jets,16,275,5268,1003,5.3,34,9,291,311,550,3466,16,25,5.9,166,418,1802,10,4.3,97,93,837,28,29.7,17.8,-79.69
2017,5,11,0,0.313,298,382,-84,-5.3,0.3,-4.9,-2.9,-2.1,24,New York Jets,16,298,4884,984,5,24,12,269,323,510,3182,19,12,5.7,157,427,1702,13,4,77,119,1035,35,28.6,11.1,-119.83
2018,4,12,0,0.25,333,441,-108,-6.8,-1.1,-7.8,-2,-5.9,23,New York Jets,16,333,4787,971,4.9,30,11,258,299,524,3165,18,19,5.6,157,410,1622,11,4,84,114,948,17,32,14.7,-97.45
2019,7,9,0,0.438,276,359,-83,-5.2,-1.1,-6.3,-5.7,-0.6,31,New York Jets,16,276,4368,956,4.6,25,9,253,323,521,3111,19,16,5.4,162,383,1257,6,3.3,61,115,1105,30,23,11.5,-108.92
2009,5,11,,0.438,327,375,-48,-3,-0.9,-3.9,-1.9,-2,31,Oakland Raiders,16,197,4258,944,4.5,33,15,234,255,485,2557,10,18,4.8,131,410,1701,7,4.1,81,117,920,22,22.2,16.5,-296.58
2010,8,8,0,0.5,410,371,39,2.4,-2.3,0.2,2.3,-2.2,6,Oakland Raiders,16,410,5674,1039,5.5,26,10,306,279,491,3180,18,16,5.9,159,504,2494,19,4.9,113,148,1276,34,34.5,11.8,-110.8
2011,8,8,0,0.5,359,433,-74,-4.6,-0.3,-4.9,0.2,-5.1,16,Oakland Raiders,16,359,6072,1015,6,30,7,328,315,524,3962,20,23,7.2,186,466,2110,16,4.5,110,163,1358,32,34.7,15.5,-151.03
2012,4,12,0,0.25,290,443,-153,-9.6,-1.3,-10.8,-4.6,-6.2,26,Oakland Raiders,16,290,5504,1032,5.3,26,10,300,376,629,4084,24,16,6.2,200,376,1420,4,3.8,72,108,939,28,31.4,12.8,-118.39
2013,4,12,0,0.25,322,453,-131,-8.2,0.2,-8,-3.8,-4.2,24,Oakland Raiders,16,322,5340,1000,5.3,31,11,275,298,519,3340,17,20,5.9,168,437,2000,16,4.6,90,116,912,17,27.8,14.9,-52.12
2014,3,13,0,0.188,253,452,-199,-12.4,3.4,-9,-4.3,-4.7,31,Oakland Raiders,16,253,4515,994,4.5,29,13,248,365,629,3275,22,16,5,173,337,1240,4,3.7,56,116,939,19,22.7,13.6,-139.47
2015,7,9,,0.438,359,399,-40,-2.5,2.3,-0.2,1.4,-1.6,17,Oakland Raiders,16,359,5336,1008,5.3,24,10,300,373,605,3879,34,14,6.1,193,370,1457,7,3.9,74,139,1102,33,31.8,10.3,4.72
2016,12,4,0,0.75,416,385,31,1.9,1.3,3.3,3.5,-0.3,7,Oakland Raiders,16,416,5973,1048,5.7,14,7,333,379,596,4051,29,7,6.6,198,434,1922,17,4.4,98,147,1247,37,38.7,7.2,-24.48
2017,6,10,0,0.375,301,373,-72,-4.5,-0.2,-4.7,-3,-1.8,23,Oakland Raiders,16,301,5185,952,5.4,28,14,287,347,558,3631,23,14,6.2,178,370,1554,13,4.2,78,114,1009,31,29.2,15.2,-84.71
2018,4,12,0,0.25,290,467,-177,-11.1,1.8,-9.3,-5.2,-4.1,28,Oakland Raiders,16,290,5379,995,5.4,24,14,300,382,556,3751,19,10,6.2,197,387,1628,9,4.2,86,110,965,17,31.3,13.6,-17.92
2019,7,9,0,0.438,313,419,-106,-6.6,-0.3,-6.9,-2.5,-4.4,24,Oakland Raiders,16,313,5819,989,5.9,17,9,315,367,523,3926,22,8,7.1,194,437,1893,13,4.3,104,128,1138,17,32.9,9.9,80.57
2009,11,5,,0.125,262,494,-232,-14.5,0.1,-14.4,-5.2,-9.2,5,Philadelphia Eagles,16,429,5726,975,5.9,23,10,290,335,553,4089,27,13,6.9,182,384,1637,14,4.3,87,115,951,21,38,10.4,-49.4
2010,10,6,0,0.625,439,377,62,3.9,0.3,4.2,5.4,-1.2,3,Philadelphia Eagles,16,439,6230,1038,6,25,12,322,348,561,3906,28,13,6.4,189,428,2324,18,5.4,116,129,1101,17,39.8,11.7,-11
2011,8,8,0,0.5,396,328,68,4.3,0.5,4.7,3.1,1.7,8,Philadelphia Eagles,16,396,6386,1036,6.2,38,13,356,330,554,4110,22,25,7,197,450,2276,20,5.1,134,107,853,25,34.7,17.9,-37.96
2012,4,12,0,0.25,280,444,-164,-10.3,1.4,-8.9,-5.3,-3.6,29,Philadelphia Eagles,16,280,5665,1079,5.3,37,22,332,367,618,3791,18,15,5.7,190,413,1874,10,4.5,111,98,813,31,29.9,17.9,-174.47
2013,10,6,0,0.625,442,382,60,3.8,-1.9,1.9,2.3,-0.5,4,Philadelphia Eagles,16,442,6676,1054,6.3,19,10,355,310,508,4110,32,9,7.4,197,500,2566,19,5.1,133,95,846,25,36.8,9,134.05
2014,10,6,0,0.625,474,400,74,4.6,-0.7,3.9,6.6,-2.7,3,Philadelphia Eagles,16,474,6348,1127,5.6,36,15,356,384,621,4356,27,21,6.7,218,474,1992,16,4.2,109,115,995,29,36.9,17.2,35.17
2015,7,9,,0.438,377,430,-53,-3.3,-1.3,-4.6,-0.6,-4,13,Philadelphia Eagles,16,377,5830,1102,5.3,31,13,339,405,623,4087,23,18,6.2,193,442,1743,15,3.9,110,104,819,36,29.1,15.3,1.07
2016,7,9,0,0.438,367,331,36,2.3,1.6,3.8,1.3,2.5,16,Philadelphia Eagles,16,367,5398,1080,5,20,6,333,380,609,3585,16,14,5.6,192,438,1813,16,4.1,114,113,945,27,37.6,11.2,-45.33
2017,13,3,0,0.813,457,295,162,10.1,-0.7,9.4,7,2.5,3,Philadelphia Eagles,16,457,5852,1073,5.5,20,11,338,341,564,3737,38,9,6.2,193,473,2115,9,4.5,108,116,962,37,40.3,9.4,21.06
2018,9,7,0,0.563,367,348,19,1.2,0.5,1.7,0,1.8,18,Philadelphia Eagles,16,367,5845,1037,5.6,23,12,346,422,599,4275,29,11,6.7,221,398,1570,12,3.9,94,100,852,31,38.1,12.5,91.97
2019,9,7,0,0.563,385,354,31,1.9,-1.7,0.3,0.7,-0.4,12,Philadelphia Eagles,16,385,5772,1104,5.2,23,15,354,391,613,3833,27,8,5.9,215,454,1939,16,4.3,104,100,836,35,35.5,10.4,67.85
2009,9,7,,0.813,510,341,169,10.6,0.2,10.8,11.2,-0.5,12,Pittsburgh Steelers,16,368,5941,1014,5.9,25,11,331,351,536,4148,28,14,7.1,210,428,1793,10,4.2,96,85,769,25,35.5,12.6,-69.44
2010,12,4,0,0.75,375,232,143,8.9,1.3,10.2,2.5,7.7,12,Pittsburgh Steelers,16,375,5525,993,5.6,18,9,295,298,479,3601,22,9,6.9,175,471,1924,15,4.1,106,100,903,14,36.9,9.5,-133.72
2011,12,4,0,0.75,325,227,98,6.1,-0.8,5.3,-0.8,6,22,Pittsburgh Steelers,16,325,5957,1015,5.9,28,13,341,341,539,4054,21,15,7,221,434,1903,13,4.4,96,101,854,24,33.9,16.7,-91.67
2012,8,8,0,0.5,336,314,22,1.4,-2,-0.7,-2.8,2.1,22,Pittsburgh Steelers,16,336,5324,1023,5.2,30,16,307,354,574,3787,27,14,6.2,202,412,1537,8,3.7,80,92,938,25,33.9,15.6,-108.05
2013,8,8,0,0.5,379,370,9,0.6,-2.5,-2,-0.9,-1,17,Pittsburgh Steelers,16,379,5400,1023,5.3,24,10,312,377,586,4017,28,14,6.4,207,394,1383,9,3.5,81,80,677,24,35.4,12.7,26.81
2014,11,5,0,0.688,436,368,68,4.3,-2,2.2,4.4,-2.1,7,Pittsburgh Steelers,16,436,6577,1068,6.2,21,11,379,411,612,4825,33,10,7.5,243,423,1752,10,4.1,98,103,834,38,41.4,11.5,156.58
2015,10,6,,0.625,423,319,104,6.5,2.2,8.7,5.1,3.6,5,Pittsburgh Steelers,16,423,6327,1011,6.3,28,7,331,391,590,4603,26,21,7.4,207,388,1724,16,4.4,91,94,868,33,40.5,13.7,22.98
2016,11,5,0,0.688,399,327,72,4.5,0.2,4.7,2.8,2,11,Pittsburgh Steelers,16,399,5962,1026,5.8,18,3,336,381,596,4202,33,15,6.8,210,409,1760,13,4.3,97,112,1068,29,38.5,9.9,-22.48
2017,13,3,0,0.813,406,308,98,6.1,-1.1,5,3.2,1.8,8,Pittsburgh Steelers,16,406,6047,1051,5.8,20,5,348,384,590,4380,29,15,7.1,217,437,1667,12,3.8,96,101,897,35,43,10.6,-32.55
2018,9,6,1,0.594,428,360,68,4.3,1.3,5.6,3.9,1.7,8,Pittsburgh Steelers,16,428,6453,1058,6.1,26,9,378,459,689,5008,35,17,7,251,345,1445,16,4.2,88,111,1026,39,36.8,14.3,156.16
2019,8,8,0,0.5,289,303,-14,-0.9,1.2,0.3,-4.3,4.6,27,Pittsburgh Steelers,16,289,4428,937,4.7,30,11,265,315,510,2981,18,19,5.5,147,395,1447,7,3.7,75,111,893,43,28.6,15.7,-84.56
2009,13,3,,0.563,363,325,38,2.4,2.7,5,2.7,2.3,4,San Diego Chargers,16,454,5761,972,5.9,17,7,330,338,519,4338,29,10,8,222,427,1423,17,3.3,80,78,570,28,45.9,9.4,-11.67
2010,9,7,0,0.563,441,322,119,7.4,-2.6,4.8,3.2,1.6,2,San Diego Chargers,16,441,6329,1039,6.1,29,16,357,359,544,4519,30,13,7.8,236,457,1810,18,4,94,84,677,27,40.3,14.5,27.47
2011,8,8,0,0.5,406,377,29,1.8,-0.9,0.9,2.7,-1.8,6,San Diego Chargers,16,406,6290,1048,6,28,8,359,366,582,4426,27,20,7.2,234,436,1864,16,4.3,97,91,753,28,41.3,16.3,-30.34
2012,7,9,0,0.438,350,350,0,0,-2.3,-2.3,-2,-0.4,20,San Diego Chargers,16,350,4756,988,4.8,26,11,293,338,528,3295,26,15,5.7,184,411,1461,4,3.6,81,103,796,28,30.6,13.9,-125.47
2013,9,7,0,0.563,396,348,48,3,-0.3,2.7,0.5,2.1,12,San Diego Chargers,16,396,6293,1060,5.9,21,10,373,378,544,4328,32,11,7.5,230,486,1965,9,4,104,95,765,39,44.9,11.4,186.29
2014,9,7,0,0.563,348,348,0,0,1.9,1.9,0.7,1.2,17,San Diego Chargers,16,348,5465,1009,5.4,23,5,326,380,574,4098,31,18,6.7,214,398,1367,6,3.4,75,111,967,37,33.9,12.6,64.94
2015,4,12,,0.25,320,398,-78,-4.9,2.2,-2.6,-1.5,-1.1,26,San Diego Chargers,16,320,5949,1100,5.4,24,11,344,442,667,4591,30,13,6.5,230,393,1358,4,3.5,79,117,942,35,33.7,12.4,10.76
2016,5,11,0,0.313,410,423,-13,-0.8,0.9,0.1,3,-3,9,San Diego Chargers,16,410,5708,1014,5.6,35,14,340,349,580,4198,33,21,6.8,214,398,1510,10,3.8,90,107,780,36,38.1,18.2,-29.1
2009,8,8,,0.5,315,308,7,0.4,3.5,3.9,-0.6,4.5,18,San Francisco 49ers,16,330,4652,939,5,24,10,238,312,528,3052,23,14,5.4,137,371,1600,12,4.3,77,98,758,24,27.6,10.2,-137.18
2010,6,10,0,0.375,305,346,-41,-2.6,-3.3,-5.8,-4.7,-1.1,24,San Francisco 49ers,16,305,5013,945,5.3,23,8,251,282,500,3356,19,15,6.2,149,401,1657,10,4.1,85,112,933,17,26.8,11.1,-95.38
2011,13,3,0,0.813,380,229,151,9.4,-1.1,8.3,1.7,6.6,11,San Francisco 49ers,16,380,4974,993,5,10,5,282,277,451,2930,18,5,5.9,150,498,2044,14,4.1,101,113,1014,31,39.6,5.2,-152.56
2012,11,4,1,0.719,397,273,124,7.8,2.5,10.2,3.5,6.7,11,San Francisco 49ers,16,397,5789,969,6,16,8,322,289,436,3298,23,8,6.9,172,492,2491,17,5.1,128,109,960,22,39.3,7.9,-15.31
2013,12,4,0,0.75,406,272,134,8.4,1.8,10.1,3.5,6.6,11,San Francisco 49ers,16,406,5180,961,5.4,18,10,286,244,417,2979,21,8,6.5,148,505,2201,18,4.4,115,103,845,23,37.8,9,58.16
2014,8,8,0,0.5,306,340,-34,-2.1,1.2,-1,-3,2.1,25,San Francisco 49ers,16,306,5239,1009,5.2,22,12,303,292,487,3063,20,10,5.7,165,470,2176,10,4.6,104,116,937,34,30.9,11.8,13.79
2015,5,11,,0.313,238,387,-149,-9.3,3.8,-5.5,-6,0.5,32,San Francisco 49ers,16,238,4860,969,5,17,5,261,322,526,3316,16,12,5.7,154,390,1544,7,4,83,113,823,24,25.8,8.2,-46.9
2016,2,14,0,0.125,309,480,-171,-10.7,-0.5,-11.2,-3.7,-7.5,27,San Francisco 49ers,16,309,4930,996,4.9,25,15,287,287,491,2911,21,10,5.4,152,458,2019,15,4.4,116,99,831,19,27.4,10.7,-75.71
2017,6,10,0,0.375,331,383,-52,-3.3,0.4,-2.9,-0.8,-2.1,20,San Francisco 49ers,16,331,5587,1058,5.3,23,8,321,362,607,3925,15,15,6,206,408,1662,15,4.1,88,123,988,27,37.5,12,-173.95
2018,4,12,0,0.25,342,435,-93,-5.8,0.3,-5.5,-2.5,-3.1,21,San Francisco 49ers,16,342,5769,1003,5.8,32,12,344,331,532,3867,26,20,6.7,201,423,1902,7,4.5,98,112,982,45,37,17.1,20.95
2019,13,3,0,0.813,479,310,169,10.6,0.4,11,6.7,4.3,2,San Francisco 49ers,16,479,6097,1012,6,23,10,336,331,478,3792,28,13,7.4,195,498,2305,23,4.6,110,105,939,31,44.3,12,146.39
2009,5,11,,0.188,244,400,-156,-9.8,4.1,-5.6,-4.6,-1.1,25,Seattle Seahawks,16,280,5069,1045,4.9,31,12,297,372,609,3503,20,19,5.4,184,395,1566,7,4,80,95,840,33,26.3,15.5,-169.53
2010,7,9,0,0.438,310,407,-97,-6.1,-3.4,-9.4,-3.9,-5.5,23,Seattle Seahawks,16,310,4765,964,4.9,31,11,260,324,544,3341,14,20,5.8,159,385,1424,13,3.7,81,101,890,20,26.5,14.8,-197.05
2011,7,9,0,0.438,321,315,6,0.4,0.4,0.8,-0.5,1.3,23,Seattle Seahawks,16,321,4861,1003,4.8,23,9,265,299,509,3105,15,14,5.6,153,444,1756,15,4,89,138,1047,23,27.8,11.6,-137.47
2012,11,5,0,0.688,412,245,167,10.4,1.8,12.2,4.5,7.7,9,Seattle Seahawks,16,412,5610,974,5.8,18,8,311,259,405,3031,27,10,6.9,153,536,2579,16,4.8,129,110,890,29,39.4,10,9.07
2013,13,3,0,0.813,417,231,186,11.6,1.4,13,4.1,8.9,9,Seattle Seahawks,16,417,5424,973,5.6,19,10,307,267,420,3236,27,9,7,160,509,2188,14,4.3,116,128,1183,31,40.7,9.3,60.55
2014,12,4,0,0.75,394,254,140,8.8,0.8,9.5,2.4,7.1,10,Seattle Seahawks,16,394,6012,1021,5.9,14,7,328,287,454,3250,20,7,6.6,160,525,2762,20,5.3,144,130,1009,24,40.6,6.9,137.18
2015,10,6,,0.625,423,277,146,9.1,2.2,11.3,5.4,6,4,Seattle Seahawks,16,423,6058,1035,5.9,16,8,335,333,489,3790,34,8,7.1,190,500,2268,10,4.5,128,117,1007,17,42,8.6,129.31
2016,10,5,1,0.656,354,292,62,3.9,-1.7,2.1,-2.4,4.5,18,Seattle Seahawks,16,354,5715,1012,5.6,18,6,313,368,567,4124,23,12,6.8,203,403,1591,13,3.9,85,117,970,25,37.3,9.7,-11.48
2017,9,7,0,0.563,366,332,34,2.1,-0.2,1.9,0.7,1.2,11,Seattle Seahawks,16,366,5286,1007,5.2,17,5,299,340,555,3657,34,12,6.1,183,409,1629,4,4,85,148,1342,31,30.5,8.6,-78.12
2018,10,6,0,0.625,428,347,81,5.1,-0.6,4.5,3,1.5,6,Seattle Seahawks,16,428,5653,1012,5.6,11,4,329,280,427,3093,35,7,6.5,156,534,2560,15,4.8,133,111,959,40,39.8,6.1,128.78
2019,11,5,0,0.688,405,398,7,0.4,2.3,2.7,2.9,-0.2,9,Seattle Seahawks,16,405,5991,1046,5.7,20,14,341,341,517,3791,31,6,6.7,190,481,2200,15,4.6,121,109,882,30,36.9,10.2,90.55
2009,1,15,,0.625,375,325,50,3.1,-3.4,-0.3,0.1,-0.4,32,St. Louis Rams,16,175,4470,998,4.5,33,12,259,312,543,2686,12,21,4.6,159,411,1784,4,4.3,79,100,834,21,19.3,16.6,-246.26
2010,7,9,0,0.438,289,328,-39,-2.4,-4.2,-6.7,-6.3,-0.4,26,St. Louis Rams,16,289,4846,1053,4.6,21,6,292,354,590,3268,18,15,5.2,179,429,1578,9,3.7,84,102,877,29,30.2,9.5,-203.89
2011,2,14,0,0.125,193,407,-214,-13.4,2.9,-10.4,-8.4,-2.1,32,St. Louis Rams,16,193,4537,1013,4.5,23,13,267,292,549,2870,9,10,4.8,159,409,1667,7,4.1,79,112,899,29,18.9,11.2,-237.06
2012,7,8,1,0.469,299,348,-49,-3.1,3.4,0.4,-2.1,2.4,25,St. Louis Rams,16,299,5264,1002,5.3,22,8,287,332,557,3550,22,14,6,189,410,1714,5,4.2,79,130,978,19,27.5,11,-136.28
2013,7,9,0,0.438,348,364,-16,-1,3.2,2.2,0.4,1.8,21,St. Louis Rams,16,348,4877,968,5,21,10,282,301,506,3125,22,11,5.8,165,426,1752,10,4.1,82,123,1009,35,31.5,11.4,-11.2
2014,6,10,0,0.375,324,354,-30,-1.9,1,-0.8,-1.2,0.4,21,St. Louis Rams,16,324,5035,957,5.3,27,11,288,327,515,3400,20,16,6,189,395,1635,11,4.1,79,123,1139,20,29.6,14,-44.13
2015,7,9,,0.438,280,330,-50,-3.1,3,-0.2,-3.8,3.6,29,St. Louis Rams,16,280,4761,920,5.2,22,11,241,273,473,2805,11,11,5.7,126,429,1956,16,4.6,92,122,1057,23,24.5,10.2,-87.66
2009,3,13,,0.5,330,281,49,3.1,-3,0.1,-2.9,3,30,Tampa Bay Buccaneers,16,244,4600,961,4.8,34,5,246,279,524,2973,18,29,5.3,148,404,1627,5,4,80,93,696,18,20.1,17.5,-226.98
2010,10,6,0,0.625,341,318,23,1.4,-2,-0.6,-1,0.4,20,Tampa Bay Buccaneers,16,341,5362,955,5.6,19,13,288,306,494,3361,26,6,6.4,172,431,2001,9,4.6,97,100,837,19,33.7,9.3,-94.23
2011,4,12,0,0.25,287,494,-207,-12.9,2.3,-10.6,-4,-6.6,27,Tampa Bay Buccaneers,16,287,5108,966,5.3,40,16,277,365,588,3650,17,24,5.9,180,346,1458,9,4.2,74,123,1007,23,28.7,20.4,-185.87
2012,7,9,0,0.438,389,394,-5,-0.3,0.3,0,1.3,-1.3,13,Tampa Bay Buccaneers,16,389,5820,1008,5.8,23,6,301,311,566,3983,27,17,6.7,188,416,1837,13,4.4,89,101,819,24,35.2,10.9,-32.9
2013,4,12,0,0.25,288,389,-101,-6.3,3.6,-2.7,-2.9,0.3,30,Tampa Bay Buccaneers,16,288,4432,981,4.5,21,9,269,291,514,2820,22,12,5,157,420,1612,6,3.8,75,121,1136,37,27.1,9.6,-79.47
2014,2,14,0,0.125,277,410,-133,-8.3,-1.5,-9.8,-6.5,-3.3,29,Tampa Bay Buccaneers,16,277,4672,936,5,33,13,263,301,531,3297,21,20,5.7,162,353,1375,7,3.9,72,118,939,29,26.7,17.2,-67.27
2015,6,10,,0.375,342,417,-75,-4.7,-3,-7.7,-3.5,-4.2,20,Tampa Bay Buccaneers,16,342,6014,1017,5.9,28,13,336,312,535,3852,22,15,6.9,201,455,2162,12,4.8,99,143,1195,36,35.8,14.8,40.62
2016,9,7,0,0.563,354,369,-15,-0.9,0.7,-0.2,-1.5,1.3,19,Tampa Bay Buccaneers,16,354,5542,1066,5.2,27,9,340,355,578,3926,29,18,6.4,220,453,1616,8,3.6,80,109,926,40,32.4,14.8,-33.29
2017,5,11,0,0.313,335,382,-47,-2.9,1.7,-1.3,0.4,-1.7,18,Tampa Bay Buccaneers,16,335,5814,1035,5.6,27,13,352,378,605,4366,26,14,6.8,243,390,1448,8,3.7,76,104,795,33,33.7,15.4,-52.32
2018,5,11,0,0.313,396,464,-68,-4.3,1.7,-2.6,2,-4.6,12,Tampa Bay Buccaneers,16,396,6648,1055,6.3,35,9,388,408,625,5125,36,26,7.7,265,389,1523,11,3.9,80,117,975,43,37,19,121.14
2019,7,9,0,0.438,458,449,9,0.6,-0.2,0.4,4.9,-4.5,3,Tampa Bay Buccaneers,16,458,6366,1086,5.9,41,11,353,382,630,4845,33,30,7.2,244,409,1521,15,3.7,81,133,1111,28,38.3,20.7,44
2009,8,8,,0.313,280,390,-110,-6.9,-2.4,-9.3,-5,-4.4,16,Tennessee Titans,16,354,5623,990,5.7,31,16,288,271,476,3031,16,15,6.2,154,499,2592,19,5.2,115,98,821,19,33.2,15,-113.09
2010,6,10,0,0.375,356,339,17,1.1,0,1,-0.9,1.9,17,Tennessee Titans,16,356,4834,907,5.3,29,14,252,273,474,3107,24,15,6.2,155,406,1727,13,4.3,73,128,1040,24,33.2,14.7,-71.69
2011,9,7,0,0.563,325,317,8,0.5,-1.5,-1,-2.2,1.2,21,Tennessee Titans,16,325,5361,984,5.4,22,8,281,353,584,3923,22,14,6.5,185,376,1438,8,3.8,71,104,960,25,31.4,11.7,-77.3
2012,6,10,0,0.375,330,471,-141,-8.8,-1.2,-10,-2.6,-7.4,23,Tennessee Titans,16,330,5010,957,5.2,28,12,260,318,540,3323,17,16,5.7,166,378,1687,10,4.5,70,106,847,24,27.7,14.9,-109.54
2013,7,9,0,0.438,362,381,-19,-1.2,0.4,-0.8,-0.2,-0.6,19,Tennessee Titans,16,362,5390,1032,5.2,25,9,311,328,533,3496,22,16,6.1,172,462,1894,16,4.1,103,101,900,36,34.2,11.4,46.52
2014,2,14,0,0.125,254,438,-184,-11.5,-0.3,-11.8,-7,-4.9,30,Tennessee Titans,16,254,4859,919,5.3,26,10,258,299,513,3412,20,16,6.1,159,356,1447,6,4.1,75,111,961,24,23.6,12.6,-88.85
2015,3,13,,0.188,299,423,-124,-7.8,-2.8,-10.5,-5.9,-4.6,28,Tennessee Titans,16,299,4988,976,5.1,33,16,298,342,551,3503,25,17,5.8,195,371,1485,10,4,66,93,779,37,25.7,16.2,-89.79
2016,9,7,0,0.563,381,378,3,0.2,-1.2,-1,0.7,-1.7,14,Tennessee Titans,16,381,5728,1008,5.7,18,7,322,307,504,3541,29,11,6.7,175,476,2187,16,4.6,115,110,1012,32,36.4,9.8,-10
2017,9,7,0,0.563,334,356,-22,-1.4,-2.1,-3.5,-2,-1.5,19,Tennessee Titans,16,334,5024,974,5.2,25,8,290,306,496,3191,14,17,6,157,443,1833,18,4.1,97,85,785,36,35.1,12.6,-134.32
2018,9,7,0,0.563,310,303,7,0.4,-0.2,0.2,-3.2,3.5,27,Tennessee Titans,16,310,5002,940,5.3,18,6,289,293,437,2975,16,12,6.1,156,456,2027,15,4.4,106,82,727,27,34.9,10.2,10.48
2019,9,7,0,0.563,402,331,71,4.4,-1,3.4,1.8,1.7,10,Tennessee Titans,16,402,5805,949,6.1,17,9,317,297,448,3582,29,8,7.1,177,445,2223,21,5,104,99,932,36,31.7,8.2,119.88
2009,4,12,,0.063,175,436,-261,-16.3,-1.1,-17.4,-11.7,-5.8,26,Washington Redskins,16,266,5000,970,5.2,28,12,280,340,533,3490,21,16,6,191,391,1510,8,3.9,72,85,679,17,29.7,13.4,-155.59
2010,6,10,0,0.375,302,377,-75,-4.7,0.9,-3.8,-3.4,-0.5,25,Washington Redskins,16,302,5392,1002,5.4,31,12,295,349,605,3931,21,19,6,194,351,1461,9,4.2,72,90,647,29,26.3,14.6,-134.87
2011,5,11,0,0.313,288,367,-79,-4.9,0.8,-4.1,-4.3,0.2,26,Washington Redskins,16,288,5387,1032,5.2,35,11,312,346,591,3773,19,24,6,204,400,1614,8,4,79,91,897,29,30.9,18.6,-194.94
2012,10,6,0,0.625,436,388,48,3,0.4,3.4,4.6,-1.2,4,Washington Redskins,16,436,6131,994,6.2,14,6,341,291,442,3422,24,8,7.2,171,519,2709,22,5.2,144,116,985,26,39.3,7.7,-16.5
2013,3,13,0,0.188,334,478,-144,-9,-0.3,-9.3,-3.9,-5.4,23,Washington Redskins,16,334,5915,1107,5.3,34,15,329,355,611,3751,20,19,5.7,198,453,2164,14,4.8,112,99,802,19,27.6,16.6,-42.64
2014,4,12,0,0.25,301,438,-137,-8.6,-0.2,-8.7,-4,-4.7,26,Washington Redskins,16,301,5738,1006,5.7,31,13,318,364,547,4047,18,18,6.7,186,401,1691,15,4.2,88,120,1130,44,29.7,15.6,14.06
2015,9,7,,0.563,388,379,9,0.6,-2.5,-1.9,-0.2,-1.8,10,Washington Redskins,16,388,5661,1011,5.6,22,11,317,386,555,4095,30,11,7,208,429,1566,9,3.7,81,105,828,28,36.1,11.1,54.93
2016,8,7,1,0.531,396,383,13,0.8,1.2,2,3.3,-1.3,12,Washington Redskins,16,396,6454,1009,6.4,21,9,345,407,607,4758,25,12,7.6,226,379,1696,17,4.5,89,110,909,30,43.4,11.4,105.24
2017,7,9,0,0.438,342,388,-46,-2.9,1.6,-1.3,0.5,-1.8,16,Washington Redskins,16,342,5199,982,5.3,27,14,278,347,540,3751,27,13,6.5,191,401,1448,10,3.6,66,92,733,21,31.9,12.6,-95.51
2018,7,9,0,0.438,281,359,-78,-4.9,-0.1,-4.9,-5.6,0.6,29,Washington Redskins,16,281,4795,967,5,19,4,280,311,509,3021,16,15,5.5,156,414,1774,12,4.3,96,115,1008,28,31.8,11.2,-34.07
2019,3,13,0,0.188,266,435,-169,-10.6,-0.2,-10.8,-6.3,-4.5,32,Washington Redskins,16,266,4395,885,5,21,8,248,298,479,2812,18,13,5.3,154,356,1583,9,4.4,74,106,835,20,30.1,12.1,-82.3
